"First Name","Last Name","E-mail 1 - Value","Phone 1 - Value","Address 1 - Formatted"
"Camille","Moreau","camille.moreau@example.org","+33 6 00 00 01 01","12 rue Mercière, 69002 Lyon, France"
"Hugo","Lefèvre","hugo.lefevre@example.org","+33 6 00 00 01 02","8 rue de Charonne, 75011 Paris, France"
"Inès","Garnier","ines.garnier@example.org","+33 6 00 00 01 03","21 rue Lepic, 75018 Paris, France"
"Lucas","Bonnet","lucas.bonnet@example.org","+33 6 00 00 01 04","5 quai de la Fosse, 44000 Nantes, France"
"Manon","Roux","manon.roux@example.org","+33 6 00 00 01 05","30 cours Victor Hugo, 33000 Bordeaux, France"
"Théo","Fournier","theo.fournier@example.org","+33 6 00 00 01 06","2 La Canebière, 13001 Marseille, France"
"Léa","Girard","lea.girard@example.org","+33 6 00 00 01 07","14 rue du Taur, 31000 Toulouse, France"
"Nathan","Mercier","nathan.mercier@example.org","+33 6 00 00 01 08","3 rue des Juifs, 67000 Strasbourg, France"
"Chloé","Blanc","chloe.blanc@example.org","+33 6 00 00 01 09","40 rue de la Monnaie, 59800 Lille, France"
"Jules","Faure","jules.faure@example.org","+33 6 00 00 01 10","9 place Grenette, 38000 Grenoble, France"
"Sofía","Navarro","sofia.navarro@example.org","+34 600 000 201","Carrer de Verdi 18, 08012 Barcelona, España"
"Pablo","Ortega","pablo.ortega@example.org","+34 600 000 202","Calle de Atocha 50, 28012 Madrid, España"
"Lucía","Romero","lucia.romero@example.org","+34 600 000 203","Carrer de Cádiz 12, 46006 Valencia, España"
"Oliver","Hughes","oliver.hughes@example.org","+44 7700 900101","14 Columbia Road, London E2 7RG, UK"
"Amelia","Price","amelia.price@example.org","+44 7700 900102","6 Park Street, Bristol BS1 5NF, UK"
"Lukas","Becker","lukas.becker@example.org","+49 1510 0000301","Oranienstraße 22, 10999 Berlin, Deutschland"
"Mia","Schulz","mia.schulz@example.org","+49 1510 0000302","Gärtnerplatz 3, 80469 München, Deutschland"
"Giulia","Rossi","giulia.rossi@example.org","+39 320 000 0401","Via Po 20, 10124 Torino, Italia"
"Marco","Bianchi","marco.bianchi@example.org","+39 320 000 0402","Via del Pigneto 40, 00176 Roma, Italia"
"Emma","Peeters","emma.peeters@example.org","+32 470 00 05 01","Rue Haute 100, 1000 Bruxelles, Belgique"
"Noah","Janssen","noah.janssen@example.org","+31 6 0000 0601","Prinsengracht 300, 1016 Amsterdam, Nederland"
"Anna","Keller","anna.keller@example.org","+41 79 000 07 01","Rue de Carouge 50, 1205 Genève, Suisse"
"Rui","Almeida","rui.almeida@example.org","+351 910 000 801","Rua da Rosa 120, 1200 Lisboa, Portugal"
"Arthur","Lambert","arthur@example.org","+33 6 00 00 09 01",""
"Zoé","Chevalier","zoe@example.org","+33 6 00 00 09 02",""
"Élise","Perrin","elise@example.org","+33 6 00 00 09 03",""
